time,power_mw,label
0,52.6460785189515,0
1,50.600235812550835,0
2,51.46810697615861,0
3,53.361339798802184,0
4,52.80133698522495,0
5,48.534083180185384,0
6,51.42513262628838,0
7,49.772964187553455,0
8,49.845171722309665,0
9,50.61589775290756,0
10,50.21606535674132,0
11,52.181410260444466,0
12,51.14155658772049,0
13,50.182512524739245,0
14,50.665794849118136,0
15,50.5005114910614,0
16,52.24111860973641,0
17,49.6922626043513,0
18,50.469601552476355,0
19,48.71885639104741,0
20,46.170515276248885,0
21,50.98042789316054,0
22,51.29665429828926,0
23,48.88675246939034,0
24,53.40463193598141,0
25,47.81845148810185,0
26,50.06863777595217,0
27,49.71922422496125,0
28,52.299168821537684,0
29,52.20403815485043,0
30,50.23242113854538,0
31,50.56724377940326,0
32,48.66832137855483,0
33,47.02880529766411,0
34,49.47813177601077,0
35,50.23452345365597,0
36,51.84543602109158,0
37,51.80356977317662,0
38,49.41900977388807,0
39,49.546545874136996,0
40,48.42717055239936,0
41,47.86997309423154,0
42,47.440594714062485,0
43,52.92616309284769,0
44,49.23552172737252,0
45,49.34288854758322,0
46,48.12080695992511,0
47,51.166235533747866,0
48,47.579153228663074,0
49,49.68088957967905,0
50,48.656800158209485,0
51,50.580353746788894,0
52,49.233792293646694,0
53,48.22905172381638,0
54,49.95772665749202,0
55,50.64249780579563,0
56,50.09977583357475,0
57,50.453707846609674,0
58,49.04851685947855,0
59,49.455888251019296,0
60,48.99130932833607,0
61,49.46067025768919,0
62,48.78028057693332,0
63,47.41057609650248,0
64,50.266139213380626,0
65,49.397328595687604,0
66,47.55470247955093,0
67,50.694173383288664,0
68,48.63905245342514,0
69,50.07791809369421,0
70,51.093635843266306,0
71,50.193474366136115,0
72,51.70910102681495,0
73,48.14776126946952,0
74,50.60351246176632,0
75,48.97278486358953,0
76,48.693804276227176,0
77,49.13172550285338,0
78,49.53267120180894,0
79,50.08424801334462,0
80,48.252275238824964,0
81,51.35123973043128,0
82,50.69849365959569,0
83,47.69563447058417,0
84,52.2323782906934,0
85,52.843833764045876,0
86,51.76816935673948,0
87,49.73011274628147,0
88,48.39387106773419,0
89,51.58167759039671,0
90,49.39523457954023,0
91,51.83366760557364,0
92,50.31241246711529,0
93,51.46495855472557,0
94,50.534549595761604,0
95,51.05985975228792,0
96,50.01575003108123,0
97,52.67880574085875,0
98,50.19036813905543,0
99,50.602984045167055,0
100,52.824726045584384,0
101,47.97836140828633,0
102,48.0942725022714,0
103,51.454095062237016,0
104,48.24031489232876,0
105,52.91543177847394,0
106,49.37957152886038,0
107,48.878817782838865,0
108,52.88441303972058,0
109,52.22077218715164,0
110,52.80133844063985,0
111,51.35906698741308,0
112,48.70816147241795,0
113,52.86509742964855,0
114,49.59799494357293,0
115,51.20368459369459,0
116,51.42087795166062,0
117,49.76748486036375,0
118,50.92111905551912,0
119,51.38331000734979,0
120,50.56463829673344,0
121,48.35089881412371,0
122,50.44735726130909,0
123,51.98957884503054,0
124,48.95814821040295,0
125,49.77554818950849,0
126,49.347269672417546,0
127,52.773895592719015,0
128,51.008442135518656,0
129,50.61119275436167,0
130,48.84512588833203,0
131,50.808873786937724,0
132,48.98850100901394,0
133,50.047745837411526,0
134,49.04623088243168,0
135,51.01464994241975,0
136,50.86488622492241,0
137,49.68755186663301,0
138,50.59401006899247,0
139,48.36040773690424,0
140,47.763113610941595,0
141,50.6590875518968,0
142,50.250010243058796,0
143,50.95254715533816,0
144,53.57471716229591,0
145,51.41671923048562,0
146,48.63076666183376,0
147,51.67552443214378,0
148,48.026138884232715,0
149,49.30762309277794,0
150,49.897637592013055,0
151,52.57001408247405,0
152,48.88286776692734,0
153,48.76034219201148,0
154,49.852321213361854,0
155,49.00478257045684,0
156,51.68995388315976,0
157,48.38010273745486,0
158,48.27879702138335,0
159,49.34326993288335,0
160,49.25295132396154,0
161,52.89429808072548,0
162,51.424131210388644,0
163,50.131326862077785,0
164,48.16184672175475,0
165,51.26654446460232,0
166,48.49967697891565,0
167,47.68284335483358,0
168,51.78204468852845,0
169,50.47541391788727,0
170,51.38128823567123,0
171,50.47809147941453,0
172,51.285245917854034,0
173,49.02346161004978,0
174,48.4486357373233,0
175,51.02239177742244,0
176,48.79488550373924,0
177,48.9656753333747,0
178,49.31670124472399,0
179,50.02621873853759,0
180,49.469009133119776,0
181,47.937573059872975,0
182,49.034572395750665,0
183,46.66489527166336,0
184,50.93784717654078,0
185,47.59691351658988,0
186,48.34342499085732,0
187,50.07824761889146,0
188,48.89065550541303,0
189,52.314521893110104,0
190,48.060714635414826,0
191,50.40057630402377,0
192,49.941075772658756,0
193,48.247859753388205,0
194,50.78491499079763,0
195,49.742680503166625,0
196,51.157685826820504,0
197,51.235256230945595,0
198,53.244853923921035,0
199,52.00479192415459,0
200,49.446227243086334,0
201,49.64093123363611,0
202,51.64948939383067,0
203,50.9828955960839,0
204,50.960197289146386,0
205,47.57456593353375,0
206,49.9635108134016,0
207,48.892953636191464,0
208,50.419886898564855,0
209,49.85277441553556,0
210,51.365268362138885,0
211,50.475827322786955,0
212,51.17949194316346,0
213,49.300371354896086,0
214,48.58333061612262,0
215,49.38492546019618,0
216,49.97446937920784,0
217,50.568727603332626,0
218,53.38896342603628,0
219,49.93661427250903,0
220,48.56608249926084,0
221,49.48102733645092,0
222,49.30460603803086,0
223,50.72222221066019,0
224,47.68880447833306,0
225,50.0948929913005,0
226,50.23475980694806,0
227,50.34827155430041,0
228,49.10402589655195,0
229,49.64311740539599,0
230,47.863908636526205,0
231,49.26002017495671,0
232,49.18570778597493,0
233,50.62407506939214,0
234,48.26572635226713,0
235,51.17179715256499,0
236,52.24172681673706,0
237,46.8950224624797,0
238,50.63938809616715,0
239,51.01536205254537,0
240,49.043844461671654,0
241,49.4040922785068,0
242,49.80067913361957,0
243,49.55331368089741,0
244,49.53648054642932,0
245,47.48599429050503,0
246,51.72849734717468,0
247,51.619427888055235,0
248,48.7799536111937,0
249,47.80036350829623,0
250,50.78159731467914,0
251,49.1363180452804,0
252,50.21292974498117,0
253,49.521007374282355,0
254,51.03730812660528,0
255,51.04212371548401,0
256,48.91160393230462,0
257,47.92495406690742,0
258,47.62559240399737,0
259,50.91556906866081,0
260,48.21671111332395,0
261,49.23977546855197,0
262,49.10552894232424,0
263,49.92114905559568,0
264,47.09558029123024,0
265,50.28316789519074,0
266,50.78583653575131,0
267,50.132633130566994,0
268,49.533670742452294,0
269,50.146100249403176,0
270,50.598569518460195,0
271,45.84111086536002,0
272,52.93386846237604,0
273,50.58513998403189,0
274,49.02138712641947,0
275,49.4135699372186,0
276,50.740612666023786,0
277,49.82584409144845,0
278,46.95397329832776,0
279,53.096739292038976,0
280,49.83418901415129,0
281,51.5302590675737,0
282,48.961925228323416,0
283,52.3045655813687,0
284,50.42951553333842,0
285,50.913265751713176,0
286,48.432119950779565,0
287,51.81671793452405,0
288,51.034727246802184,0
289,51.952769344347494,0
290,49.05786866053763,0
291,49.27845932230882,0
292,53.45587504652591,0
293,48.40997626591768,0
294,49.79607544898252,0
295,51.705337043904045,0
296,50.14658745157228,0
297,50.87443051962994,0
298,49.40082645610569,0
299,50.55508383177128,0
300,72.04531435821208,1
301,76.49230065524233,1
302,73.8278585681222,1
303,72.98483732981978,1
304,75.00467925886292,1
305,49.30892031891717,0
306,47.99861229289587,0
307,47.979923741303665,0
308,51.0406597290352,0
309,49.7606398427806,0
310,49.79944766049734,0
311,51.616615708964396,0
312,48.309761286864884,0
313,48.90398337070276,0
314,49.422680286228086,0
315,50.141527383975614,0
316,49.93674282306413,0
317,49.56966921141514,0
318,49.90756039685653,0
319,49.839042085563236,0
320,48.92059341717231,0
321,48.780510517168885,0
322,50.41177453658591,0
323,48.66362737550671,0
324,48.26396711121372,0
325,49.53156162331146,0
326,49.76349947575427,0
327,53.385085245947316,0
328,48.94294958621565,0
329,51.414891087454244,0
330,51.12078250130695,0
331,48.21658256719439,0
332,51.1598794661039,0
333,48.22417903971002,0
334,46.01124164300489,0
335,50.909479286539074,0
336,47.36616412484342,0
337,50.67640169270887,0
338,48.97398365339418,0
339,52.48932619428481,0
340,51.60276409897401,0
341,49.319921294222915,0
342,48.968243583456974,0
343,48.17888389535882,0
344,49.33861605156111,0
345,49.57946675722324,0
346,49.45295968341247,0
347,50.235055782908546,0
348,50.867782246593315,0
349,50.52448168548976,0
350,48.85378411414034,0
351,47.843312789297634,0
352,52.04679777215371,0
353,48.96582622317509,0
354,49.02155960009747,0
355,49.21821603154834,0
356,47.23539567476503,0
357,49.28303899393927,0
358,49.28051627898808,0
359,50.93053744751527,0
360,51.047685723661004,0
361,50.0056563336294,0
362,51.39777256117146,0
363,50.50994747570189,0
364,49.97647683259617,0
365,50.24139225244733,0
366,49.7140197596279,0
367,49.40772572894983,0
368,49.59839969465905,0
369,48.30798300279499,0
370,50.420662557974445,0
371,48.51031458360563,0
372,51.262446896110454,0
373,49.62581212975858,0
374,50.074242472475134,0
375,50.74075516442144,0
376,50.96497169759439,0
377,47.64406488704982,0
378,49.689644485754044,0
379,51.32026836812118,0
380,47.45284127085162,0
381,50.580920713092596,0
382,46.61665365589671,0
383,48.4662397345466,0
384,50.057945827760285,0
385,47.51492734651707,0
386,48.52173389347377,0
387,47.79224748880462,0
388,52.47220239831134,0
389,50.246341633231,0
390,50.850935416779,0
391,49.665987349227265,0
392,49.4698523768642,0
393,47.575288717023454,0
394,49.56224395587821,0
395,48.857761682282565,0
396,51.286885886438505,0
397,51.71165279998636,0
398,52.199868073361266,0
399,51.27882790919185,0
400,49.10201909461552,0
401,48.32615452105941,0
402,51.14999477246763,0
403,50.534439226208434,0
404,47.34719232398445,0
405,50.533222689115654,0
406,51.2217797337318,0
407,50.08838838377245,0
408,49.72241949348599,0
409,48.788527268575464,0
410,47.83019795065492,0
411,51.20044692401004,0
412,49.53632833284244,0
413,49.64980000768446,0
414,52.5990817803787,0
415,51.02675166028879,0
416,50.55623750192165,0
417,50.21309270778085,0
418,52.27999229114866,0
419,52.57938396112429,0
420,51.39425766721929,0
421,50.87333688709688,0
422,46.85809539319078,0
423,50.18558287135026,0
424,49.80483956870945,0
425,50.14092984407835,0
426,51.41456913098378,0
427,45.89048424921567,0
428,49.14603191979472,0
429,50.404856532411145,0
430,49.29973168092086,0
431,47.87464083031061,0
432,51.30344523034519,0
433,50.41530785876919,0
434,48.54334314433327,0
435,50.472225806773736,0
436,51.232378568074694,0
437,50.00793896944904,0
438,51.200847205146495,0
439,50.11739026274249,0
440,49.40715652601847,0
441,48.26086922540013,0
442,49.87110384954258,0
443,50.29143940706866,0
444,51.313749142381,0
445,49.82733879726916,0
446,50.686123409331486,0
447,48.55308197939941,0
448,48.82605626625871,0
449,49.83441605145967,0
450,48.41805730402248,0
451,51.23037175598702,0
452,50.69469549397791,0
453,50.41864364658868,0
454,50.508356187823914,0
455,53.031565342227196,0
456,49.296703718049805,0
457,46.69783807174916,0
458,50.298950295344696,0
459,49.9240946885575,0
460,49.22372143623439,0
461,48.53175521096185,0
462,49.34121571729678,0
463,50.27200764382673,0
464,49.24577494903619,0
465,53.618680519315625,0
466,48.55924342755028,0
467,48.81032395593849,0
468,46.56706993997821,0
469,50.377226622532305,0
470,46.97539005830036,0
471,49.19081804993825,0
472,49.586494198159166,0
473,48.935408051229665,0
474,52.608309016181764,0
475,51.49159158697325,0
476,51.97870531445236,0
477,48.67637177217512,0
478,51.69289109677185,0
479,50.744001419515946,0
480,51.157108923015265,0
481,51.54415824317415,0
482,48.636855131061424,0
483,49.36352356853315,0
484,51.293894016992674,0
485,46.0165713605376,0
486,52.26999212385981,0
487,50.829698096311375,0
488,49.93144405900965,0
489,50.33076148363576,0
490,48.455097075036534,0
491,49.475084953116344,0
492,51.65042650733056,0
493,51.94703295848933,0
494,54.04433607884537,0
495,49.88911300057938,0
496,49.01217054979249,0
497,49.22864905109002,0
498,48.47293718706895,0
499,49.88321786608872,0
500,50.5740986450184,0
501,49.948636579202066,0
502,51.644520268498695,0
503,49.648676297983194,0
504,49.47882402125215,0
505,49.12809728470951,0
506,47.551048210648254,0
507,47.64834841353732,0
508,48.23126310404347,0
509,51.95214210749714,0
510,51.34289040933489,0
511,52.062446099589486,0
512,48.00168251810825,0
513,47.04706296532097,0
514,49.009915519798874,0
515,50.263728429944045,0
516,50.74803541236474,0
517,51.57195823395208,0
518,50.42641950621082,0
519,52.614003170983445,0
520,49.66609147857752,0
521,48.630381172937305,0
522,47.47817267675835,0
523,48.66654296285682,0
524,50.36317694147768,0
525,48.666919613969554,0
526,51.40511369530289,0
527,52.11849155905617,0
528,46.445619642160096,0
529,51.29607845074647,0
530,46.6405939120074,0
531,50.60224858263543,0
532,51.83730584629049,0
533,50.09728415951536,0
534,48.080466240193644,0
535,49.12185319358334,0
536,49.60753183143365,0
537,49.72663282431508,0
538,49.69565473885,0
539,49.83517583103603,0
540,50.320220073365256,0
541,48.18713951940017,0
542,49.63697025519467,0
543,52.27739175553356,0
544,49.42303186528623,0
545,49.3342458602672,0
546,51.61729595557136,0
547,46.16122300048386,0
548,51.77206790193243,0
549,49.05214436299225,0
550,50.24589285867888,0
551,50.14448203388179,0
552,51.41370217883059,0
553,49.59860788064698,0
554,48.98296132765333,0
555,51.94676868597665,0
556,46.45373927428823,0
557,50.03050127255786,0
558,47.97811186605632,0
559,48.85763991761516,0
560,53.01688502219471,0
561,49.933106860316215,0
562,50.29260454572707,0
563,47.32765571644161,0
564,48.906433011807955,0
565,50.294836101093175,0
566,50.53213653966983,0
567,50.92532983158992,0
568,50.012941848376364,0
569,50.79050631268199,0
570,50.68067286895353,0
571,47.2553893834932,0
572,50.05550858286522,0
573,51.15185361159906,0
574,50.88481973110178,0
575,49.45421178504382,0
576,48.79156023869095,0
577,48.32253211351755,0
578,49.80341898268788,0
579,51.69961981933958,0
580,47.072293847777594,0
581,49.01016240540575,0
582,48.29029631685984,0
583,51.17743628186075,0
584,49.16853556014305,0
585,49.294043512767814,0
586,49.674575645095025,0
587,50.668089876342194,0
588,49.411416502775545,0
589,45.43078541780011,0
590,50.81496783708128,0
591,50.658564436508065,0
592,49.67068845750318,0
593,48.3739450689921,0
594,50.527670166022034,0
595,50.56885330030338,0
596,49.29495067594869,0
597,49.67490279413669,0
598,48.60476524621352,0
599,49.732116361869004,0
600,47.67435598237478,0
601,50.625978231547755,0
602,48.58344726376356,0
603,50.357154721748465,0
604,47.89105562559815,0
605,49.11491353119569,0
606,49.834265892401106,0
607,47.5089502821961,0
608,50.17272180971014,0
609,49.43127865568012,0
610,47.386465703286156,0
611,48.04513586883153,0
612,50.90768012612325,0
613,51.34333397832699,0
614,49.80213704033005,0
615,50.60714271806074,0
616,50.33576534496937,0
617,50.49443447319161,0
618,51.92897601062044,0
619,47.73950240267859,0
620,51.014691098542436,0
621,49.42698656663327,0
622,49.66361159862254,0
623,49.546625404317396,0
624,49.43727932500808,0
625,48.16070571232547,0
626,50.275008798886404,0
627,52.50641454918328,0
628,49.91580046932686,0
629,49.99792243589736,0
630,48.969051444265006,0
631,49.82378818037283,0
632,50.69924963905105,0
633,49.44463633894348,0
634,49.319293938422,0
635,50.60489681024487,0
636,48.62299284527143,0
637,50.378744940615306,0
638,51.230482695892135,0
639,52.03992281251923,0
640,49.86442698908458,0
641,52.05139585971007,0
642,51.551614829722276,0
643,48.5056810394434,0
644,48.17309223261027,0
645,49.54255454321837,0
646,51.54340323889228,0
647,49.89156948865999,0
648,49.09901366351332,0
649,52.32836477007284,0
650,50.430356732005016,0
651,46.51910858631389,0
652,50.475740939439035,0
653,50.780060921856304,0
654,50.338412981706654,0
655,50.67456815034799,0
656,49.899086586615525,0
657,48.0224061955329,0
658,49.44394399516932,0
659,48.58157630666556,0
660,48.60088863380843,0
661,48.10539747634659,0
662,50.67873363895947,0
663,50.14684421811894,0
664,49.32775195597894,0
665,49.02599310840442,0
666,49.964865342467824,0
667,51.61879209216873,0
668,46.99367642675163,0
669,50.56531478127634,0
670,49.18143203897333,0
671,47.17312123253083,0
672,47.08144537525406,0
673,48.63082475879706,0
674,50.329264333689565,0
675,50.589594400970135,0
676,48.59152764098332,0
677,51.52553148711986,0
678,52.13447524477416,0
679,50.59412987743484,0
680,49.11289599828783,0
681,51.68662877676555,0
682,51.13309354349501,0
683,51.30111111703238,0
684,49.0153044875427,0
685,45.74816824208795,0
686,53.17518653222551,0
687,47.5836823948251,0
688,49.946347892209666,0
689,53.57111802682962,0
690,50.49586513441156,0
691,51.42386971033736,0
692,47.74640514592743,0
693,47.33349956789944,0
694,49.20094581203067,0
695,51.63612460165175,0
696,49.480625828529035,0
697,48.80804551839275,0
698,50.296950934917454,0
699,51.6229028277159,0
700,47.83258970138994,0
701,48.18418550881497,0
702,48.81699611823595,0
703,51.641957562068136,0
704,50.3522322889231,0
705,53.198230115855665,0
706,51.404668588746674,0
707,49.947357234695495,0
708,51.89761675713315,0
709,50.31724551909782,0
710,48.94261797123883,0
711,51.019962266367656,0
712,48.955510019208376,0
713,49.5644043487942,0
714,51.991674043936975,0
715,49.8480777706739,0
716,48.795287918987555,0
717,49.30349346284676,0
718,51.532685878383006,0
719,49.171188989874906,0
720,49.41969372972403,0
721,49.23456089054956,0
722,50.275888241510465,0
723,49.421765359436584,0
724,47.59724592654119,0
725,48.66922858723244,0
726,48.60081643774034,0
727,51.86497907668273,0
728,51.21901106316356,0
729,50.88088906909974,0
730,49.241962524103386,0
731,48.776312687009046,0
732,49.23872359751397,0
733,48.42217984617249,0
734,53.74580058738051,0
735,46.6320175274429,0
736,50.846012802610716,0
737,48.07317155301121,0
738,49.84348476275796,0
739,48.5179970862594,0
740,48.233556556276056,0
741,48.28970554859756,0
742,52.632479230613086,0
743,49.800517366535615,0
744,48.85144670828287,0
745,50.83368044612431,0
746,50.01552397184945,0
747,51.08005063901248,0
748,47.263615016093254,0
749,50.455405856693005,0
750,75.26819959863447,1
751,71.61675990630904,1
752,74.78145026961586,1
753,76.65342970222314,1
754,74.08687078794884,1
755,51.23210890553722,0
756,51.005855675466364,0
757,48.93874145373413,0
758,50.05965010187974,0
759,47.649507933707596,0
760,49.323045444346214,0
761,50.398531962449354,0
762,51.0846507406067,0
763,50.03691818787187,0
764,51.07997559521475,0
765,48.345640680566945,0
766,49.847454088167694,0
767,50.02891907676962,0
768,52.774386870019455,0
769,49.678750015699876,0
770,49.251475043008725,0
771,50.03202683576532,0
772,48.62132983269508,0
773,50.289130773597826,0
774,49.452417175180614,0
775,47.31300867793823,0
776,49.91212017329921,0
777,49.523685359104704,0
778,47.55136504689803,0
779,49.89929876807822,0
780,52.23403394311172,0
781,50.78195562241357,0
782,50.91789078909674,0
783,47.98775491162544,0
784,50.71534755338333,0
785,50.22267437207012,0
786,50.79356785750165,0
787,50.63394293256324,0
788,47.96032891174428,0
789,49.93789878266305,0
790,48.86319370936225,0
791,49.92487385857277,0
792,48.65389860964726,0
793,51.9687055507115,0
794,48.711541417333486,0
795,48.651586765301694,0
796,50.11187960981533,0
797,48.38435139589401,0
798,49.3630050463507,0
799,48.75505310369306,0
800,52.11675809583442,0
801,51.178705740246755,0
802,49.913795722301906,0
803,49.41317442173897,0
804,51.41137642186267,0
805,50.607806120484334,0
806,50.747078607024285,0
807,49.96071164398362,0
808,47.46765495834285,0
809,49.83130102616067,0
810,49.201265121186395,0
811,50.96758291018982,0
812,51.517763649491286,0
813,49.01307343285825,0
814,50.702577851415576,0
815,52.60381849652857,0
816,48.99843091914416,0
817,52.522882610109704,0
818,48.72112122924403,0
819,50.03443963341193,0
820,49.98328158223724,0
821,50.017248349805094,0
822,48.74348293713808,0
823,49.11322534435335,0
824,48.998419570460904,0
825,50.490443893106686,0
826,50.495052671765464,0
827,53.338916497607386,0
828,52.05648350943668,0
829,49.235235136792284,0
830,50.487304423694276,0
831,51.49567697118764,0
832,50.04590273650778,0
833,49.8955376323296,0
834,50.077362414154834,0
835,51.30091494321264,0
836,48.72751921579215,0
837,49.511495796769736,0
838,50.70564971726972,0
839,50.467170607331234,0
840,50.359374139784585,0
841,49.4452982505443,0
842,51.4588036837138,0
843,53.200802370806805,0
844,50.60962324051431,0
845,49.71023494767524,0
846,51.133610433341815,0
847,49.191301044870514,0
848,48.87546448294565,0
849,50.049213121420564,0
850,46.12580505054508,0
851,48.269074454521984,0
852,49.47805721611873,0
853,47.96991671277843,0
854,48.451035347161806,0
855,49.34487749381299,0
856,47.53555205970409,0
857,49.39089230561025,0
858,49.19709475320073,0
859,50.03810781257752,0
860,51.731276045741026,0
861,50.2587566247393,0
862,50.0315930320131,0
863,50.14918168554607,0
864,50.34108916268169,0
865,48.474892027085346,0
866,49.8278370128438,0
867,50.46312686275492,0
868,47.94386002618541,0
869,51.29847938422378,0
870,51.62206405168728,0
871,49.05293601732592,0
872,49.63799331282034,0
873,48.68271448578489,0
874,51.049070725381725,0
875,48.408166568831135,0
876,49.66628448463562,0
877,48.711620138288495,0
878,50.076431415516936,0
879,47.30865609276542,0
880,51.98969246354854,0
881,48.5530903636906,0
882,50.08984202467441,0
883,49.68121543284454,0
884,48.85682823211625,0
885,48.6683297950461,0
886,51.40459781532869,0
887,49.21153911034709,0
888,50.40675527695597,0
889,48.797754671908436,0
890,49.02922785222836,0
891,50.70837072513177,0
892,51.39561274416668,0
893,49.73702539650947,0
894,47.867120192539346,0
895,52.99693411962501,0
896,48.71517603764869,0
897,47.68761890049232,0
898,53.891636881652225,0
899,49.393951559223595,0
900,47.80740096760789,0
901,48.97484034981698,0
902,50.55131734403341,0
903,50.28546733639091,0
904,48.722406204119615,0
905,52.73408540019194,0
906,49.21763048300994,0
907,48.22297011438267,0
908,51.44104009769099,0
909,51.99359426980952,0
910,48.77376035357566,0
911,47.89797906044103,0
912,51.54565740112341,0
913,46.92901458041306,0
914,48.16006751090508,0
915,51.451169225075354,0
916,49.91697117796642,0
917,49.60409397711097,0
918,50.529224909741565,0
919,49.770838364681886,0
920,48.05196991675537,0
921,51.91411301900928,0
922,51.98752107933022,0
923,50.30799884566694,0
924,50.06770102314802,0
925,53.50943720903009,0
926,49.58535073247624,0
927,49.61063452724894,0
928,50.54672187386076,0
929,52.20698293421351,0
930,52.38915613162622,0
931,49.612141052484844,0
932,50.46249686893902,0
933,47.93287479940388,0
934,49.53203583812568,0
935,48.73956440678104,0
936,48.489752371551525,0
937,52.522365074400994,0
938,48.81157000729078,0
939,49.202591137982814,0
940,50.54877318187529,0
941,51.94673790046038,0
942,50.72167268958325,0
943,54.139032671032375,0
944,49.88799803262327,0
945,50.38807466034462,0
946,50.41340101097609,0
947,52.15257408018373,0
948,50.76085842666442,0
949,49.82565544941928,0
950,48.57876710763968,0
951,50.36666518394245,0
952,52.10201724693794,0
953,49.38442730951319,0
954,50.79341542762487,0
955,50.36922168302726,0
956,51.295279487571975,0
957,48.7928693890432,0
958,53.519970545789846,0
959,48.08125833945761,0
960,49.451673365020945,0
961,51.407138811358465,0
962,50.44509975874117,0
963,51.24497923862165,0
964,49.255846499026156,0
965,49.887792525979485,0
966,50.01834797545823,0
967,52.353889421803856,0
968,51.035643536574575,0
969,51.195008162547005,0
970,49.013110861194804,0
971,51.453323957844574,0
972,50.338372495353205,0
973,52.08371797351689,0
974,53.0210902323777,0
975,49.53985133595949,0
976,49.390545304332406,0
977,48.703932513346444,0
978,49.78463073242552,0
979,49.42696182657443,0
980,50.53925659935651,0
981,49.783149774599394,0
982,49.45760107882757,0
983,51.596877704191776,0
984,48.59317965327282,0
985,50.64966192972702,0
986,49.39108740921728,0
987,51.08655275730494,0
988,52.07789232008334,0
989,49.54535261986389,0
990,50.661549360909724,0
991,50.26818929859977,0
992,48.80086640068536,0
993,50.36118126461291,0
994,50.43368075791822,0
995,50.61930623066926,0
996,49.70240165476993,0
997,50.14128845046522,0
998,48.278583582735294,0
999,49.462828886780215,0
1000,50.8339440195647,1
1001,51.49022598251244,1
1002,49.6695580668424,1
1003,50.611616498695376,1
1004,50.94814059374671,1
1005,51.05979567763241,1
1006,51.72025128704149,1
1007,48.33348961503071,1
1008,51.13813510689985,1
1009,51.722186765506514,1
1010,50.01465599172096,1
1011,54.17764522718273,1
1012,52.06052071903907,1
1013,54.31480408724036,1
1014,50.9354275884625,1
1015,50.91177709043928,1
1016,52.760620755690944,1
1017,50.05772503151459,1
1018,53.04972111321187,1
1019,53.02461672679226,1
1020,54.553800952616186,1
1021,54.23338019356583,1
1022,52.70711730850579,1
1023,51.83860350269312,1
1024,56.20482146837858,1
1025,52.599706257031066,1
1026,52.37110710378974,1
1027,52.46362500171693,1
1028,55.91838221572924,1
1029,53.61558908730211,1
1030,53.41489784618364,1
1031,54.903504435824715,1
1032,54.538067782648916,1
1033,53.98285680882063,1
1034,56.28250235198287,1
1035,56.901003541177296,1
1036,56.932521717955254,1
1037,56.756440110552404,1
1038,56.36151405427081,1
1039,53.24525890914816,1
1040,58.56448227017152,1
1041,56.66510502765754,1
1042,57.27587100503733,1
1043,58.18759499957262,1
1044,58.81669542098965,1
1045,57.44577883514561,1
1046,57.62301620864045,1
1047,56.22237570502254,1
1048,57.322361899435414,1
1049,56.14300053302089,1
1050,56.495846777544735,1
1051,56.38691112380144,1
1052,57.64475204229194,1
1053,59.60394281218305,1
1054,62.93828034175345,1
1055,58.61758278965521,1
1056,56.462228853214306,1
1057,60.533838631148015,1
1058,58.33670297316475,1
1059,57.94848104842845,1
1060,59.40568330779367,1
1061,57.3814873430899,1
1062,59.7276341399523,1
1063,59.41289126065581,1
1064,59.84453655719291,1
1065,60.42060922979861,1
1066,60.10123838586121,1
1067,60.176022277684496,1
1068,60.72950208152722,1
1069,61.07764639380214,1
1070,59.05883691558772,1
1071,58.61258886954759,1
1072,60.816633830832586,1
1073,58.9115028257049,1
1074,61.34341841850372,1
1075,62.77175667715983,1
1076,62.42581902302558,1
1077,60.094411056428456,1
1078,60.52778814024554,1
1079,62.4621489121981,1
1080,61.51926541351186,1
1081,61.797744330149115,1
1082,63.319602146114356,1
1083,61.0948275355711,1
1084,62.12542066240595,1
1085,61.67866416466097,1
1086,61.46560878325,1
1087,61.896200898811436,1
1088,64.34952658735295,1
1089,63.562579069072115,1
1090,62.31762269311102,1
1091,63.4412263764893,1
1092,61.48118297871067,1
1093,62.99093987953359,1
1094,67.46678604472518,1
1095,64.25857361944077,1
1096,65.64294293600014,1
1097,64.59873713425297,1
1098,65.37073870134756,1
1099,65.99488713451876,1
1100,48.34307510371029,0
1101,49.95359561408906,0
1102,52.368297791624734,0
1103,48.806749174920064,0
1104,49.15034021940167,0
1105,49.538463083949495,0
1106,50.40353610976437,0
1107,50.78737679546882,0
1108,51.90111748222799,0
1109,50.74924735020299,0
1110,49.9069203113025,0
1111,51.888750694416224,0
1112,51.05616653321238,0
1113,47.75648072561447,0
1114,53.789552360533996,0
1115,52.6548820822951,0
1116,49.74767866584939,0
1117,50.56686515260771,0
1118,51.98653812499376,0
1119,49.741698810954674,0
1120,51.09552768556553,0
1121,51.65686771035722,0
1122,48.477761138398336,0
1123,49.096502219625705,0
1124,51.38211259671587,0
1125,50.691221715723245,0
1126,51.38569484047092,0
1127,49.80114797801942,0
1128,49.56649218356865,0
1129,47.00204078662494,0
1130,48.28099936023884,0
1131,50.07059914198774,0
1132,51.236835829346354,0
1133,50.79676754980354,0
1134,49.80763703895845,0
1135,49.59234265026395,0
1136,50.32576944895742,0
1137,50.11731677163823,0
1138,52.10681827240957,0
1139,50.219661155717375,0
1140,47.778131056704055,0
1141,48.091162797451524,0
1142,52.27813900544537,0
1143,48.24325930782488,0
1144,51.1467461795503,0
1145,49.597440897185926,0
1146,49.74536255914627,0
1147,49.79880082584737,0
1148,51.8320774391888,0
1149,49.71073725718405,0
1150,49.95002107573227,0
1151,47.70379475390076,0
1152,50.310035767562006,0
1153,50.79656376046709,0
1154,50.35871837098068,0
1155,52.0968443916301,0
1156,50.08275703217035,0
1157,50.44846618417853,0
1158,52.47275601540227,0
1159,47.67497871596278,0
1160,49.31626197830094,0
1161,52.1392381280289,0
1162,51.40419372246662,0
1163,51.0175701482607,0
1164,51.24897610919672,0
1165,50.490599313681535,0
1166,52.447396141298405,0
1167,50.56663875459608,0
1168,50.359800658842914,0
1169,50.238438011188464,0
1170,50.289295933325576,0
1171,48.264474078776196,0
1172,51.15600958169502,0
1173,49.80434039932501,0
1174,52.73287264679061,0
1175,49.886524294117365,0
1176,50.631377426263484,0
1177,50.369903279392,0
1178,49.06166444733612,0
1179,51.48820524277776,0
1180,52.857595460840024,0
1181,49.977834170510235,0
1182,49.54928182162187,0
1183,49.46745690341694,0
1184,47.161457160023986,0
1185,49.733280284445485,0
1186,50.376497174012485,0
1187,51.582136887770424,0
1188,51.44007161172489,0
1189,49.37525137634496,0
1190,49.584765507839165,0
1191,51.68585795842166,0
1192,49.73980415439068,0
1193,49.234955690366576,0
1194,52.08877767415141,0
1195,51.55637850057595,0
1196,50.02818768766139,0
1197,49.109333828332,0
1198,46.982179521132934,0
1199,50.88455540836208,0
1200,48.65544541617173,0
1201,47.05590198628887,0
1202,52.37723079102353,0
1203,50.971951686514835,0
1204,48.29148771032455,0
1205,48.178397925561114,0
1206,51.30644267325743,0
1207,48.68304407519619,0
1208,51.944224801291824,0
1209,50.924688968939236,0
1210,50.80489478085023,0
1211,50.60704318342145,0
1212,50.28717630803587,0
1213,51.32076679876567,0
1214,49.31887945622659,0
1215,50.12892796015158,0
1216,51.127919881515794,0
1217,50.84448457787919,0
1218,48.20751979209701,0
1219,49.249385499043605,0
1220,50.379205258128735,0
1221,49.38797793644015,0
1222,52.66198784146,0
1223,49.410270207868834,0
1224,49.75667232863496,0
1225,51.15414526726595,0
1226,50.495799114852375,0
1227,49.78208831419285,0
1228,48.86525970667888,0
1229,50.45227108609515,0
1230,51.55864466056759,0
1231,50.718642836147346,0
1232,48.832724717815815,0
1233,52.60516243546507,0
1234,47.83013316494616,0
1235,47.62597153729582,0
1236,51.44083583668584,0
1237,50.33876071790404,0
1238,49.17575218054394,0
1239,48.352143908667,0
1240,53.48119975892045,0
1241,50.175636308233166,0
1242,50.80130175626866,0
1243,50.47682764585727,0
1244,50.652211936596736,0
1245,50.81014169078721,0
1246,51.09863601463231,0
1247,49.43716639885899,0
1248,49.562537020472234,0
1249,47.38846578746165,0
1250,48.82954339024769,0
1251,50.40666919467007,0
1252,51.567535063254034,0
1253,50.898559289564275,0
1254,49.48896148418311,0
1255,48.10524063187227,0
1256,45.83396128185885,0
1257,51.727600962171195,0
1258,49.116156520234775,0
1259,49.32730249069391,0
1260,50.1973609518621,0
1261,47.89165992891216,0
1262,49.475326729832695,0
1263,53.03520792465496,0
1264,50.75808040786601,0
1265,50.538873734770185,0
1266,47.62625828302736,0
1267,53.36540284187396,0
1268,47.865807637060485,0
1269,52.8834871331666,0
1270,46.82741597721829,0
1271,52.10804815808663,0
1272,52.42708140350034,0
1273,48.76338631800825,0
1274,50.63387055840933,0
1275,50.821220858157,0
1276,48.77930827515304,0
1277,47.826323583894606,0
1278,48.02342398528885,0
1279,50.81151232993971,0
1280,49.872326596220894,0
1281,49.153548450046756,0
1282,51.45015201674969,0
1283,50.762101864087214,0
1284,48.866805910451546,0
1285,48.19819772147392,0
1286,50.784892608032116,0
1287,49.19362494716291,0
1288,50.148807293797255,0
1289,52.364448458941574,0
1290,50.75349236011217,0
1291,48.706599500370146,0
1292,50.24099178472966,0
1293,48.57103257077692,0
1294,52.412783233923086,0
1295,49.15763187559517,0
1296,50.31090612046043,0
1297,50.461598862019144,0
1298,50.238875702560556,0
1299,47.06217656729519,0
1300,47.83036840402501,0
1301,49.32147458664636,0
1302,50.479147749997296,0
1303,49.79333117857134,0
1304,48.56427879027348,0
1305,47.97736352131745,0
1306,49.39766368325098,0
1307,49.297285932980415,0
1308,50.76925468638913,0
1309,49.510522306762525,0
1310,50.904061484644,0
1311,49.10802534541939,0
1312,49.6160634961786,0
1313,49.47793043053607,0
1314,48.82644954964687,0
1315,50.9376779846506,0
1316,48.77960600435824,0
1317,49.21753773504407,0
1318,49.890320531077705,0
1319,48.05393051606489,0
1320,49.512597562519254,0
1321,48.93304046038582,0
1322,49.41776871127662,0
1323,49.910107995993364,0
1324,48.800129565289005,0
1325,49.66988633026946,0
1326,51.96300312852827,0
1327,49.96130216261827,0
1328,51.717893259528836,0
1329,50.519741663010144,0
1330,51.161240914728225,0
1331,48.83831154684376,0
1332,50.15736074762827,0
1333,50.20086938392321,0
1334,49.0810613916876,0
1335,48.765757513558576,0
1336,47.76460191813905,0
1337,52.244209455427445,0
1338,48.54139566597125,0
1339,52.01933160983345,0
1340,49.29876023951322,0
1341,48.7062600504129,0
1342,50.933778710457496,0
1343,49.05321208737971,0
1344,50.85268837838642,0
1345,49.500782352721686,0
1346,50.72063674417668,0
1347,48.54772090413934,0
1348,51.24702658697715,0
1349,50.731959023994506,0
1350,48.620523964906006,0
1351,53.96440358152211,0
1352,50.81018453960074,0
1353,53.43570060579581,0
1354,52.400401728123136,0
1355,49.716747829673324,0
1356,49.38159236809319,0
1357,49.394811224868796,0
1358,47.25495717435828,0
1359,48.95624732097568,0
1360,50.37014903596996,0
1361,52.288936341327215,0
1362,48.8408421755327,0
1363,51.32308489904452,0
1364,48.12110998774502,0
1365,49.1205199621833,0
1366,49.31353910856571,0
1367,50.55771662224624,0
1368,50.68596447008122,0
1369,51.443512617221515,0
1370,51.1562554406074,0
1371,50.36475232310374,0
1372,50.58554741526294,0
1373,52.3827960366463,0
1374,49.233610728151604,0
1375,51.16209247860074,0
1376,47.28778411025262,0
1377,50.617001364346415,0
1378,49.27512568628134,0
1379,50.003856773647264,0
1380,51.56012936758056,0
1381,50.246965714289594,0
1382,51.32778131181339,0
1383,52.21064722270761,0
1384,50.583640953298584,0
1385,51.75656159693073,0
1386,49.51015853348119,0
1387,49.987685176595576,0
1388,49.21607087540228,0
1389,51.56446639196956,0
1390,50.62113703069039,0
1391,49.23914830715761,0
1392,50.232003250469496,0
1393,51.56235258322787,0
1394,49.94109801344307,0
1395,48.576600783725354,0
1396,50.19786763368112,0
1397,47.02915161339659,0
1398,51.153155966599215,0
1399,49.36800861901298,0
1400,70.32856610224108,1
1401,72.346075724829,1
1402,68.98478789082199,1
1403,73.95318017089028,1
1404,70.3121691440524,1
1405,49.21512358492266,0
1406,51.53183711475074,0
1407,51.06304290966564,0
1408,53.67684457861262,0
1409,49.68319102455272,0
1410,49.819390042003384,0
1411,47.781026030055116,0
1412,49.501846583976764,0
1413,48.917853056642365,0
1414,49.32684948034175,0
1415,47.38371836516907,0
1416,52.49091133984177,0
1417,47.875094776361536,0
1418,45.79669580241243,0
1419,48.217363367625474,0
1420,49.094240670805775,0
1421,48.27566890511432,0
1422,51.64745531109877,0
1423,49.793241232105856,0
1424,50.038078406609685,0
1425,50.91558764645812,0
1426,50.429018790467175,0
1427,51.467850946169065,0
1428,48.33578366954578,0
1429,49.178722848980854,0
1430,50.99895071910431,0
1431,46.198168306873654,0
1432,47.93722328102414,0
1433,50.75148834826992,0
1434,49.27962644750761,0
1435,51.404161325164544,0
1436,51.21377044527974,0
1437,48.202860679713446,0
1438,50.609985631200324,0
1439,51.802546783501256,0
1440,50.22115160247646,0
1441,48.533802684131196,0
1442,51.31908491287005,0
1443,50.95313678983099,0
1444,50.813916175248195,0
1445,51.07390834015549,0
1446,45.50808070965857,0
1447,51.321406341621454,0
1448,52.71219771586846,0
1449,50.654957711943936,0
1450,50.289093494749594,0
1451,51.04465801008716,0
1452,50.50733821052767,0
1453,50.97767189255092,0
1454,50.00220650036812,0
1455,48.84994271819465,0
1456,48.49351593167808,0
1457,48.502712407652204,0
1458,47.94043617357366,0
1459,48.39838698347134,0
1460,52.641899191129795,0
1461,51.131143495484366,0
1462,49.062458913972996,0
1463,49.41441095902174,0
1464,50.16883629635968,0
1465,49.01668245577346,0
1466,50.10127528576149,0
1467,51.16640620685437,0
1468,49.94638589967774,0
1469,50.50402361399299,0
1470,51.32973730903942,0
1471,49.59180236597269,0
1472,50.427185898701545,0
1473,49.53593361067496,0
1474,49.957206695248374,0
1475,49.51290460237556,0
1476,49.206695219665825,0
1477,50.26056777948053,0
1478,50.84981797372732,0
1479,50.219456669001566,0
1480,50.7480904374679,0
1481,48.893102329638154,0
1482,48.194397211700334,0
1483,50.6255652544514,0
1484,51.03182208676213,0
1485,50.07478589989974,0
1486,52.02205367063708,0
1487,51.36154819698185,0
1488,54.0208562611535,0
1489,49.6987872290065,0
1490,48.50172680585695,0
1491,48.88979481389073,0
1492,49.151753290438016,0
1493,50.71404707515717,0
1494,46.762897154058116,0
1495,51.97782652713626,0
1496,49.641055113286484,0
1497,49.62980966331687,0
1498,48.38098525096251,0
1499,49.82866167282473,0
1500,50.0198596515013,0
1501,49.817082608599584,0
1502,50.508588883913646,0
1503,49.115551937073455,0
1504,48.65627635938376,0
1505,50.82249219574697,0
1506,50.148001180723696,0
1507,50.29577158279605,0
1508,51.58854088166295,0
1509,48.46615341310897,0
1510,48.717139314123706,0
1511,51.885829476243494,0
1512,47.775674963638934,0
1513,48.03588178050348,0
1514,51.22679274677749,0
1515,50.35730028803306,0
1516,50.15784820558891,0
1517,49.862510887849425,0
1518,50.04690132054135,0
1519,49.861831827962064,0
1520,52.033164053891625,0
1521,49.40277780687489,0
1522,49.75793969558333,0
1523,52.69167320783761,0
1524,50.041264553044755,0
1525,53.348024584287764,0
1526,49.84253044847157,0
1527,52.051122473690235,0
1528,47.51698394253548,0
1529,50.2304666912235,0
1530,47.623289655273595,0
1531,51.26668145990688,0
1532,48.18069827568646,0
1533,50.42565433157502,0
1534,49.576706184964344,0
1535,48.262695222223954,0
1536,47.57096002565368,0
1537,49.23343930462983,0
1538,52.610944168843,0
1539,49.55977241766593,0
1540,51.37583231317378,0
1541,49.914435698506715,0
1542,51.315090160535675,0
1543,47.25963293254323,0
1544,49.3952175397257,0
1545,51.424108285689826,0
1546,49.75511757675023,0
1547,49.87031707593343,0
1548,49.35430713217131,0
1549,51.724069075050686,0
1550,50.44627153093242,0
1551,50.066033414263025,0
1552,50.96458181800894,0
1553,50.882337393676906,0
1554,50.31888056965631,0
1555,52.32054724548627,0
1556,49.909568699541325,0
1557,50.41712157195192,0
1558,49.035571169970666,0
1559,50.225172840509195,0
1560,52.38164228561805,0
1561,49.035113597316894,0
1562,48.29961076154231,0
1563,51.49513946422972,0
1564,49.77685077164948,0
1565,50.14400630745465,0
1566,49.932330044459995,0
1567,50.118682585894305,0
1568,51.27579602528516,0
1569,48.74131371410109,0
1570,48.48233887384177,0
1571,50.12745220555656,0
1572,47.59034046582525,0
1573,47.94041969593711,0
1574,52.80002472249744,0
1575,51.13620249509211,0
1576,49.984915292196476,0
1577,51.85701040393766,0
1578,48.43910115487228,0
1579,49.52659531492121,0
1580,50.935180414136575,0
1581,51.33600752214709,0
1582,50.76937527024167,0
1583,46.18814178846766,0
1584,48.54787682350313,0
1585,50.715602138535296,0
1586,49.46607276042979,0
1587,53.81034743113876,0
1588,51.389837451450646,0
1589,50.837122820928,0
1590,48.32457566937992,0
1591,49.94705489059562,0
1592,50.36180594632843,0
1593,51.691675445191706,0
1594,51.321696645649446,0
1595,51.54948379177992,0
1596,48.614131976284995,0
1597,52.118227547447944,0
1598,47.9293538715391,0
1599,49.19612815750076,0
1600,50.64615670241846,0
1601,49.775162612400294,0
1602,48.49094471311941,0
1603,48.7676752615953,0
1604,47.67761851572644,0
1605,50.79796195851079,0
1606,51.89085326756322,0
1607,49.849409744897955,0
1608,49.39947677747986,0
1609,47.79151560730027,0
1610,51.36980288637827,0
1611,53.31695649985924,0
1612,47.30381629344966,0
1613,48.40485059276809,0
1614,48.98061043618378,0
1615,49.15352313547626,0
1616,50.341018925215224,0
1617,52.42137432092034,0
1618,51.512895930290156,0
1619,50.791396074161476,0
1620,48.914106943912095,0
1621,48.32055764947932,0
1622,48.80483704054055,0
1623,52.32210020206811,0
1624,49.90738504781315,0
1625,49.32974561950607,0
1626,49.72436640462501,0
1627,51.2369273294577,0
1628,48.030725488175314,0
1629,52.12231120388363,0
1630,50.23471438541945,0
1631,49.67548403255641,0
1632,50.66426917062011,0
1633,50.3275956096949,0
1634,49.48370531529893,0
1635,49.62093399193759,0
1636,48.696706179701074,0
1637,50.98458612628895,0
1638,49.20200928588326,0
1639,48.56561236635157,0
1640,50.24879528398031,0
1641,51.99371192411833,0
1642,49.92748306433027,0
1643,49.087848114572466,0
1644,50.60584403125396,0
1645,52.90506869360383,0
1646,47.82214170585238,0
1647,50.57330418167794,0
1648,50.30762993784778,0
1649,51.74230070533868,0
1650,51.48636376052727,0
1651,49.71993633228533,0
1652,47.473224116862674,0
1653,51.20984565184439,0
1654,48.74721096471278,0
1655,48.579889383564215,0
1656,51.72252587103669,0
1657,48.63372443354202,0
1658,52.10426711015037,0
1659,50.50376708210797,0
1660,50.47867760012942,0
1661,50.460897170758386,0
1662,47.54236456138731,0
1663,47.33541707548014,0
1664,50.32332958068303,0
1665,50.85201103883963,0
1666,50.1239165482343,0
1667,48.767698224470706,0
1668,50.02838315582329,0
1669,49.87694877028177,0
1670,48.564262852586886,0
1671,51.520958231168244,0
1672,47.40458590767487,0
1673,50.88311361021126,0
1674,50.576485107816865,0
1675,51.51456778221757,0
1676,48.49203219147671,0
1677,50.15211072000232,0
1678,53.256747423977245,0
1679,50.99311143349956,0
1680,50.150871813093445,0
1681,50.808741911171296,0
1682,50.12926526357018,0
1683,53.28634701985976,0
1684,51.47545429368377,0
1685,49.87157756865425,0
1686,50.37849714707678,0
1687,49.41380300587848,0
1688,51.81477518961546,0
1689,47.890842842913486,0
1690,47.59289220520852,0
1691,52.188072124513994,0
1692,53.229679688855875,0
1693,50.702457361534385,0
1694,50.1691069118536,0
1695,50.98590153545717,0
1696,49.02941971042586,0
1697,50.25686531772832,0
1698,50.05836305878432,0
1699,50.93984637611804,0
1700,22.663002207724908,1
1701,24.239447845351997,1
1702,26.26749340450126,1
1703,23.986609258554907,1
1704,23.509957936865298,1
1705,28.063108224740432,1
1706,25.0571770002691,1
1707,24.13162279008519,1
1708,22.46144434378884,1
1709,26.09401951942064,1
1710,26.04870423057804,1
1711,24.551860599145094,1
1712,23.346654713639367,1
1713,24.96317586453643,1
1714,23.74621589877757,1
1715,23.586859616690326,1
1716,24.84518087280744,1
1717,23.4229144020099,1
1718,25.369973432878666,1
1719,25.911988764109594,1
1720,48.74055132924021,0
1721,47.947632356992415,0
1722,52.34191939843371,0
1723,48.58959464606419,0
1724,49.01008594234649,0
1725,50.31952575114483,0
1726,50.89905405878345,0
1727,49.615524659465535,0
1728,50.69119149155188,0
1729,49.398520763155396,0
1730,48.543244002763416,0
1731,52.13947529118054,0
1732,53.73266242149669,0
1733,52.54395429952125,0
1734,50.21270995873018,0
1735,52.75015304272352,0
1736,50.533555273585975,0
1737,49.28407059439515,0
1738,50.69956936157297,0
1739,49.85841124038322,0
1740,48.52532272438144,0
1741,48.652517042851976,0
1742,51.203077608110775,0
1743,47.23020202750299,0
1744,50.906205110664025,0
1745,47.55562459587734,0
1746,46.818235332646346,0
1747,47.241730094362254,0
1748,52.95014595790211,0
1749,49.70564905258469,0
1750,50.12987477024813,0
1751,52.12888256886643,0
1752,51.40126962274959,0
1753,47.91274209589367,0
1754,51.30350951422814,0
1755,50.27627189705532,0
1756,49.48748285360618,0
1757,50.03643637120667,0
1758,51.919718030942036,0
1759,48.67105027693857,0
1760,50.60132851865618,0
1761,49.98551414520064,0
1762,47.30425307690657,0
1763,48.79662024240378,0
1764,50.28982032985054,0
1765,51.94601313363933,0
1766,51.50199652602009,0
1767,50.89581875660514,0
1768,48.77708650829531,0
1769,52.7018209862128,0
1770,50.32286070145942,0
1771,48.49045171748217,0
1772,49.72564252871457,0
1773,51.34437263803424,0
1774,50.01142624747724,0
1775,51.33029702987414,0
1776,51.655540936193226,0
1777,50.60079602689806,0
1778,48.71344606542966,0
1779,50.20318199478497,0
1780,50.06774878390824,0
1781,52.78901950077744,0
1782,47.560517093259755,0
1783,49.797766323358466,0
1784,49.12385967980762,0
1785,50.502658430294,0
1786,46.343653461200965,0
1787,51.67238683923542,0
1788,50.0206227310033,0
1789,47.23294825455793,0
1790,49.4583302978902,0
1791,50.913443512481784,0
1792,47.612828186812955,0
1793,50.00483332466473,0
1794,48.413789528297706,0
1795,49.16602245218155,0
1796,50.040107574011955,0
1797,50.27517538037237,0
1798,49.29388625272591,0
1799,50.4091945842954,0
1800,51.226966410882206,0
1801,49.58162858734514,0
1802,52.14735163617394,0
1803,52.19332125617063,0
1804,49.35694690162126,0
1805,49.04323916528962,0
1806,47.50374052225074,0
1807,49.81014600254092,0
1808,49.45484332982592,0
1809,51.168576830199484,0
1810,47.735507590897555,0
1811,49.58391291238534,0
1812,51.45311658966672,0
1813,48.90446435666306,0
1814,48.856457694908585,0
1815,47.82958949786629,0
1816,53.93086076902736,0
1817,48.878790232901935,0
1818,48.04947975167249,0
1819,48.79422439395272,0
1820,48.838557379269794,0
1821,49.59591533232314,0
1822,51.238058348131275,0
1823,49.552515246506246,0
1824,48.61576502750476,0
1825,47.82299225271346,0
1826,50.03278603732981,0
1827,50.063808611044685,0
1828,52.296398526543236,0
1829,50.13867160320471,0
1830,49.851487533073886,0
1831,48.424019245118764,0
1832,49.54107113735241,0
1833,49.34228831294809,0
1834,49.44475375322945,0
1835,48.561116911039115,0
1836,50.807494404914266,0
1837,49.786331873735946,0
1838,49.69946977999252,0
1839,47.42893082592651,0
1840,50.7404661312873,0
1841,50.73052298897057,0
1842,48.74130589573668,0
1843,51.48518207581879,0
1844,47.95286265487635,0
1845,49.96719513681638,0
1846,49.593188990164755,0
1847,48.024237816791306,0
1848,50.28455391812,0
1849,52.553855228362686,0
1850,50.10145134510038,0
1851,49.305467368836425,0
1852,50.67053623532852,0
1853,50.15857999320073,0
1854,50.041643197438255,0
1855,49.36168668084283,0
1856,52.132963338938694,0
1857,50.68454504522118,0
1858,49.20699401159677,0
1859,49.837994244828565,0
1860,48.888699943693894,0
1861,49.08756327487776,0
1862,49.0389114137147,0
1863,48.29853260941666,0
1864,51.16591544565193,0
1865,49.56343780509046,0
1866,50.831191367490156,0
1867,48.99481115340905,0
1868,49.909456258411495,0
1869,48.93343910481333,0
1870,51.079502255806,0
1871,49.627371039942446,0
1872,48.90368962107292,0
1873,47.537445156785324,0
1874,50.41349982401116,0
1875,48.93742242149284,0
1876,49.97633117431851,0
1877,49.26240483797971,0
1878,51.43128437134815,0
1879,50.81621712853701,0
1880,50.670818131182244,0
1881,49.07581831501478,0
1882,50.69943506532528,0
1883,52.57224741301406,0
1884,48.75172094877491,0
1885,50.258508708843785,0
1886,47.5261745383743,0
1887,52.0978431381883,0
1888,49.40313185211374,0
1889,51.173868321262965,0
1890,47.415157623925516,0
1891,52.696309080688856,0
1892,49.4646927079616,0
1893,50.818485985205044,0
1894,50.22622730949889,0
1895,49.61679382071834,0
1896,52.528688453988956,0
1897,47.52793069045073,0
1898,50.44807048998801,0
1899,51.365968508344956,0
1900,49.95521581754545,0
1901,49.82274382345011,0
1902,49.7859684318898,0
1903,48.158545369384385,0
1904,50.0571910761424,0
1905,50.7690762852086,0
1906,50.10289884122099,0
1907,49.59158584828238,0
1908,49.26541246644046,0
1909,49.58105499608244,0
1910,51.88661632624406,0
1911,46.870047530869186,0
1912,50.06010718482166,0
1913,49.508367624055374,0
1914,52.18371192775527,0
1915,50.08323833816571,0
1916,52.22738839804993,0
1917,46.814164972931664,0
1918,50.68937735725108,0
1919,50.42008679005652,0
1920,52.08580095061091,0
1921,47.53797708676546,0
1922,49.76744628782251,0
1923,50.09909039267974,0
1924,49.256306758182184,0
1925,51.82486657061441,0
1926,49.491976721831904,0
1927,53.05214381603173,0
1928,51.58126686340839,0
1929,51.4262505455057,0
1930,50.83894847208633,0
1931,48.404456613461676,0
1932,49.353355493733865,0
1933,50.85912705028582,0
1934,51.01633555038158,0
1935,51.96077576762188,0
1936,49.29883848556114,0
1937,48.709769922613006,0
1938,51.2886562891783,0
1939,48.78556013593983,0
1940,51.30996775410562,0
1941,51.79960426462256,0
1942,50.684229553740586,0
1943,49.4636314520471,0
1944,50.06162333921582,0
1945,50.890198879404856,0
1946,50.01527827806811,0
1947,53.29744450800574,0
1948,48.51399360405927,0
1949,48.49599711894531,0
1950,48.53465691989701,0
1951,49.115630116182174,0
1952,46.73160271970764,0
1953,49.055524359589725,0
1954,49.02007294710817,0
1955,50.117771037761266,0
1956,50.626700874809124,0
1957,48.139675495388346,0
1958,51.35008136414611,0
1959,52.70336334468582,0
1960,49.6875723453575,0
1961,52.361556856213355,0
1962,50.29848424160778,0
1963,52.98309787789309,0
1964,51.67592519853228,0
1965,47.65414304774035,0
1966,50.02794105599203,0
1967,51.581487462356115,0
1968,50.04581987156092,0
1969,49.9446747037324,0
1970,51.904647125471456,0
1971,48.935218726780846,0
1972,50.02627341991733,0
1973,50.48543864691368,0
1974,49.499313559469655,0
1975,49.969806344183695,0
1976,51.162534894836256,0
1977,50.64925643224999,0
1978,48.7869237020307,0
1979,48.34381402130111,0
1980,48.81634672961503,0
1981,50.00187268368273,0
1982,49.76009031836443,0
1983,48.752063760174316,0
1984,49.10277432122527,0
1985,47.7199410722119,0
1986,50.62678055482599,0
1987,49.93997191197255,0
1988,48.110318984892096,0
1989,50.04293075628168,0
1990,52.01393301576553,0
1991,48.89009622055211,0
1992,51.97270649858146,0
1993,49.51481379127486,0
1994,50.2967422517748,0
1995,50.146626203633275,0
1996,52.10228512400787,0
1997,50.2376507701783,0
1998,48.28714787119423,0
1999,48.03354444433818,0
